{"parameters_difference_z":-0.2963528335094452,"parameters_x":0.009250967763364315,"dice_0.6":0.9719142913818359,"grad_parameters_x":4.8333065933547914e-05,"parameters_y":-0.13656136393547058,"parameters_difference_x":0.12689198553562164,"dice_0.3":0.9839850664138794,"_step":199,"grad_parameters_muD":4.9674679758027196e-05,"parameters_difference_muD":-1.5069074630737305,"_timestamp":1.7334294119905322e+09,"grad_parameters_y":-2.775008397293277e-06,"parameters_muD":12.492271423339844,"dice_0.7":0.9643267393112183,"dice_0.5":0.9774394631385803,"dice_0.9":0.9391855001449585,"grad_parameters_muRho":-3.505735730868764e-05,"_wandb":{"runtime":36},"grad_parameters_z":-1.2640161003218964e-05,"parameters_muRho":4.866561412811279,"dice_0.1":0.9779190421104431,"dice_0.8":0.9549770355224609,"parameters_z":-0.32880648970603943,"parameters_difference_y":-0.1852807253599167,"dice_0.24":0.9836443662643433,"dice_0.67":0.9681015014648438,"_parameters_difference_mean":0.4866916239261627,"_grad_parameters_mean":9.507044524070807e-06,"dice_0.2":0.9822264313697815,"_loss":0.008681926876306534,"dice_0.4":0.9814981818199158,"parameters_difference_muRho":0.3180251121520996,"_runtime":35.95783922}