{"parameters_difference_muD":0.00998687744140625,"dice_0.3":0.868334174156189,"dice_0.8":0.6896244883537292,"parameters_difference_y":0.009707320481538773,"grad_parameters_muD":-7.474264748452697e-06,"parameters_muD":14.00916576385498,"parameters_difference_muRho":0.009964466094970703,"dice_0.4":0.8645671606063843,"dice_0.2":0.8635129332542419,"parameters_muRho":4.55850076675415,"dice_0.7":0.7915230989456177,"parameters_z":-0.022459616884589195,"grad_parameters_muRho":-2.78892730420921e-06,"parameters_x":-0.10765674710273743,"_wandb":{"runtime":2},"_timestamp":1.7334283034642632e+09,"_parameters_difference_mean":0.009927398525178432,"grad_parameters_x":-6.350223429762991e-06,"parameters_y":0.05842668190598488,"grad_parameters_y":-3.3166861612698995e-07,"parameters_difference_z":0.009994050487875938,"grad_parameters_z":-1.6800133380456828e-05,"dice_0.1":0.8462200164794922,"dice_0.6":0.836911678314209,"dice_0.67":0.8107432126998901,"_runtime":0.851034753,"_loss":0.02065114490687847,"dice_0.5":0.8574860095977783,"dice_0.24":0.8654022216796875,"_grad_parameters_mean":-6.7490436777006835e-06,"parameters_difference_x":0.009984277188777924,"dice_0.9":0.4766883850097656,"_step":0}