{"dice_0.6":0.8367533087730408,"parameters_difference_muD":-0.1535348892211914,"parameters_difference_x":0.06377934664487839,"parameters_y":0.005938936490565538,"parameters_difference_z":-0.01472558081150055,"parameters_difference_muRho":0.19190692901611328,"grad_parameters_muD":-1.1229457413719501e-05,"parameters_x":-0.05386167764663696,"_parameters_difference_mean":0.09334544092416763,"dice_0.3":0.8671551942825317,"dice_0.67":0.8105049729347229,"_grad_parameters_mean":-8.818322385195643e-06,"grad_parameters_y":-4.862116838921793e-06,"parameters_muRho":4.740443229675293,"_step":60,"_timestamp":1.7334284454484112e+09,"parameters_difference_y":-0.042780425399541855,"dice_0.5":0.8569483160972595,"grad_parameters_muRho":-1.8475964225217467e-06,"dice_0.24":0.864454448223114,"_runtime":8.644083865,"dice_0.8":0.6926509141921997,"dice_0.9":0.481778621673584,"dice_0.1":0.8457303643226624,"dice_0.7":0.792728841304779,"dice_0.2":0.8629938364028931,"grad_parameters_x":-9.258601494366303e-06,"grad_parameters_z":-1.6893838619580492e-05,"_loss":0.020643118768930435,"parameters_muD":13.845643997192383,"dice_0.4":0.8636525273323059,"_wandb":{"runtime":38},"parameters_z":-0.04717924818396568}