{
    "sample_metrics": {
        "BRAIN_p3.npy": {
            "aMSE": 0.8310093879699707,
            "MAE": 0.8314294815063477,
            "SSIM": 0.04714469984173775,
            "Dice_0.1": 0.5676499605178833,
            "Dice_0.2": 0.5185948014259338,
            "Dice_0.3": 0.48584625124931335,
            "Dice_0.4": 0.45508813858032227,
            "Dice_0.5": 0.4230201840400696,
            "Dice_0.6": 0.38059869408607483,
            "Dice_0.7": 0.32697993516921997,
            "Dice_0.8": 0.24989931285381317,
            "Dice_0.9": 0.17914964258670807
        }
    }
}