{"dice_0.2":0.8655290007591248,"_timestamp":1.7334287391868777e+09,"grad_parameters_muRho":-1.7442766875319649e-06,"dice_0.67":0.8105876445770264,"parameters_difference_z":-0.20909477770328522,"dice_0.7":0.7917675375938416,"parameters_difference_x":0.004237815737724304,"dice_0.5":0.8575629591941833,"grad_parameters_muD":-1.1733329301932827e-05,"grad_parameters_x":-3.938196186936693e-06,"_runtime":35.433441944,"grad_parameters_y":8.973196599981748e-06,"parameters_x":-0.11340320855379105,"parameters_muRho":4.468902111053467,"parameters_z":-0.24154844880104065,"parameters_y":0.057971272617578506,"dice_0.24":0.8667174577713013,"grad_parameters_z":4.940741746395361e-06,"dice_0.9":0.477799654006958,"dice_0.8":0.689287006855011,"_loss":0.02061862125992775,"dice_0.3":0.8686498403549194,"dice_0.4":0.8648980259895325,"_step":199,"_parameters_difference_mean":0.1523735523223877,"_grad_parameters_mean":-7.003727660048753e-07,"parameters_difference_muRho":-0.07963418960571289,"dice_0.6":0.8370015621185303,"_wandb":{"runtime":35},"parameters_difference_muD":-0.45964908599853516,"dice_0.1":0.8474635481834412,"parameters_muD":13.539529800415039,"parameters_difference_y":0.0092519111931324}