{"_step":0,"_grad_parameters_mean":4.06838626076933e-06,"dice_0.8":0.6874666213989258,"parameters_muD":13.989227294921875,"dice_0.5":0.8562864661216736,"dice_0.67":0.8081910014152527,"dice_0.9":0.4741242527961731,"grad_parameters_x":1.5448926205863245e-05,"_parameters_difference_mean":0.009651090018451214,"dice_0.2":0.8646105527877808,"parameters_difference_y":-0.009988319128751755,"_wandb":{"runtime":48},"grad_parameters_z":5.021979632147122e-08,"dice_0.3":0.868118941783905,"parameters_difference_z":-0.008339423686265945,"grad_parameters_muD":2.0630768631235696e-06,"dice_0.1":0.8471710085868835,"dice_0.4":0.8632035255432129,"dice_0.6":0.8344785571098328,"dice_0.7":0.7901076078414917,"grad_parameters_muRho":-5.7702200138010085e-06,"parameters_z":-0.04079309105873108,"grad_parameters_y":8.549927770218346e-06,"dice_0.24":0.8656488656997681,"parameters_muRho":4.558518886566162,"_timestamp":1.733428252779785e+09,"parameters_x":-0.12763455510139465,"parameters_difference_x":-0.009993530809879303,"_runtime":0.784233489,"parameters_difference_muD":-0.009951591491699219,"parameters_difference_muRho":0.009982585906982422,"_loss":0.020808827131986618,"parameters_y":0.03873104229569435}