{"parameters_difference_y":-0.4305393099784851,"parameters_difference_muRho":-0.0973973274230957,"grad_parameters_y":1.730009535094723e-05,"dice_0.3":0.8681173324584961,"parameters_difference_z":-0.13607172667980194,"dice_0.1":0.8469652533531189,"dice_0.4":0.8633105158805847,"_runtime":36.332774072,"dice_0.8":0.6854605674743652,"parameters_difference_muD":-0.22889137268066406,"grad_parameters_muD":8.502774107910227e-06,"parameters_muD":13.77028751373291,"_wandb":{"runtime":37},"_timestamp":1.7334285820015774e+09,"parameters_y":-0.3818199634552002,"dice_0.6":0.8343283534049988,"_loss":0.020879309624433517,"dice_0.9":0.473145991563797,"parameters_difference_x":0.0028644055128097534,"dice_0.67":0.8077612519264221,"parameters_x":-0.1147766187787056,"dice_0.24":0.8655887842178345,"grad_parameters_x":1.1628269930952229e-05,"parameters_muRho":4.451138973236084,"dice_0.5":0.855940580368042,"_step":199,"dice_0.2":0.864639401435852,"_parameters_difference_mean":0.17915283143520355,"grad_parameters_z":-1.2413747754180804e-06,"_grad_parameters_mean":6.994746399868745e-06,"grad_parameters_muRho":-1.216032842421555e-06,"parameters_z":-0.16852539777755737,"dice_0.7":0.7897345423698425}