{"dice_0.9":0.47623127698898315,"parameters_difference_muD":-0.5918264389038086,"_timestamp":1.7334286781301947e+09,"_runtime":36.243422939,"parameters_muD":13.407352447509766,"_parameters_difference_mean":0.21405021846294403,"parameters_muRho":4.399538993835449,"dice_0.3":0.8677991032600403,"parameters_difference_muRho":-0.14899730682373047,"parameters_y":0.008156887255609035,"grad_parameters_x":2.3697978122072527e-06,"_wandb":{"runtime":60},"_grad_parameters_mean":6.988553195697023e-06,"dice_0.2":0.8642860651016235,"grad_parameters_y":2.0371851860545576e-05,"_step":199,"grad_parameters_muRho":-3.699896296893712e-06,"dice_0.1":0.8456447124481201,"parameters_z":0.10320506989955902,"dice_0.8":0.6900966167449951,"parameters_difference_y":-0.040562473237514496,"dice_0.7":0.7924984693527222,"dice_0.5":0.8569483757019043,"dice_0.67":0.8101068139076233,"parameters_x":-0.2708471417427063,"grad_parameters_z":3.135516817565076e-05,"_loss":0.020597614347934723,"parameters_difference_z":0.13565874099731445,"dice_0.24":0.8653354048728943,"parameters_difference_x":-0.15320611000061035,"dice_0.6":0.8361556529998779,"grad_parameters_muD":-1.5454159438377246e-05,"dice_0.4":0.8642433285713196}