{"dice_0.7":0.7885371446609497,"dice_0.67":0.8074175119400024,"grad_parameters_muD":3.1525348731520353e-06,"parameters_x":-0.12762852013111115,"grad_parameters_y":-1.3682191820407752e-05,"parameters_difference_z":0.009994830936193466,"dice_0.5":0.8554481267929077,"dice_0.24":0.8663690686225891,"grad_parameters_z":-1.9338918718858622e-05,"dice_0.4":0.8630655407905579,"_loss":0.020909646525979042,"parameters_difference_x":-0.009987495839595795,"parameters_z":-0.022458836436271667,"parameters_muD":13.98921012878418,"dice_0.9":0.4764106571674347,"dice_0.2":0.8653872013092041,"_parameters_difference_mean":0.009986608289182186,"parameters_muRho":4.538547039031982,"grad_parameters_x":7.98970359028317e-06,"dice_0.3":0.8679018020629883,"_runtime":0.712515887,"dice_0.1":0.8494011163711548,"_wandb":{"runtime":32},"dice_0.8":0.6865742802619934,"_grad_parameters_mean":-2.477968109815265e-06,"_timestamp":1.733428511820756e+09,"grad_parameters_muRho":9.489032890996896e-06,"parameters_difference_muD":-0.009968757629394531,"parameters_difference_y":0.009992696344852448,"parameters_difference_muRho":-0.009989261627197266,"parameters_y":0.05871205776929855,"_step":0,"dice_0.6":0.8339304327964783}