{"dice_0.8":0.682445764541626,"grad_parameters_muD":9.756398867466487e-06,"grad_parameters_z":-1.318133513450448e-07,"parameters_difference_x":0.009989775717258453,"_loss":0.021018873900175095,"parameters_difference_muRho":-0.009995460510253906,"_grad_parameters_mean":6.36149843558087e-06,"parameters_x":-0.1076512485742569,"parameters_y":0.038729228079319,"parameters_muRho":4.538540840148926,"dice_0.3":0.8661378026008606,"dice_0.1":0.8455963730812073,"dice_0.67":0.8063163161277771,"dice_0.5":0.8548451066017151,"dice_0.6":0.8331668972969055,"dice_0.7":0.787480890750885,"grad_parameters_x":-9.772955309017561e-06,"dice_0.24":0.8635997772216797,"_parameters_difference_mean":0.009851991198956966,"dice_0.2":0.8622992038726807,"parameters_difference_z":0.009294848889112473,"grad_parameters_y":1.0124083928531036e-05,"dice_0.9":0.46763333678245544,"_timestamp":1.7334284778373783e+09,"parameters_z":-0.02315881848335266,"_runtime":0.856385815,"parameters_muD":13.989189147949219,"_wandb":{"runtime":2},"parameters_difference_muD":-0.009989738464355469,"parameters_difference_y":-0.009990133345127106,"grad_parameters_muRho":2.183177821279969e-05,"dice_0.4":0.8615255355834961,"_step":0}